{"cameraMode":{"drawMode":0,"name":"Shaded","section":"Shading Mode"},"sceneLighting":false,"audioPlay":false,"sceneViewState":{"showFog":true,"showMaterialUpdate":false,"showSkybox":true,"showFlares":true,"showImageEffects":true,"showParticleSystems":true},"in2DMode":false,"pivot":{"x":-1.1920928955078126e-7,"y":1.1920928955078126e-7,"z":-0.008000075817108155},"rotation":{"x":-0.06476407498121262,"y":-0.000901554711163044,"z":0.00005811718074255623,"w":-0.9979002475738525},"size":2.842724561691284,"orthographic":false}